door_opening_1.mp4,6
door_opening_10.mp4,6
door_opening_11.mp4,6
door_opening_12.mp4,6
door_opening_14.mp4,6
door_opening_16.mp4,6
door_opening_17.mp4,6
door_opening_18.mp4,6
door_opening_19.mp4,6
door_opening_2.mp4,6
door_opening_20.mp4,6
door_opening_21.mp4,6
door_opening_22.mp4,6
door_opening_23.mp4,6
door_opening_24.mp4,6
door_opening_25.mp4,6
door_opening_26.mp4,6
door_opening_27.mp4,6
door_opening_28.mp4,6
door_opening_29.mp4,6
door_opening_3.mp4,6
door_opening_31.mp4,6
door_opening_32.mp4,6
door_opening_33.mp4,6
door_opening_35.mp4,6
door_opening_38.mp4,6
door_opening_39.mp4,6
door_opening_4.mp4,6
door_opening_40.mp4,6
door_opening_42.mp4,6
door_opening_43.mp4,6
door_opening_45.mp4,6
door_opening_46.mp4,6
door_opening_47.mp4,6
door_opening_48.mp4,6
door_opening_49.mp4,6
door_opening_5.mp4,6
door_opening_51.mp4,6
door_opening_52.mp4,6
door_opening_53.mp4,6
door_opening_54.mp4,6
door_opening_55.mp4,6
door_opening_56.mp4,6
door_opening_57.mp4,6
door_opening_58.mp4,6
door_opening_59.mp4,6
door_opening_6.mp4,6
door_opening_60.mp4,6
door_opening_62.mp4,6
door_opening_63.mp4,6
door_opening_64.mp4,6
door_opening_65.mp4,6
door_opening_66.mp4,6
door_opening_67.mp4,6
door_opening_68.mp4,6
door_opening_69.mp4,6
door_opening_7.mp4,6
door_opening_70.mp4,6
door_opening_72.mp4,6
door_opening_73.mp4,6
door_opening_74.mp4,6
door_opening_75.mp4,6
door_opening_76.mp4,6
door_opening_78.mp4,6
door_opening_79.mp4,6
door_opening_8.mp4,6
door_opening_82.mp4,6
door_opening_83.mp4,6
door_opening_84.mp4,6
door_opening_85.mp4,6
door_opening_86.mp4,6
door_opening_87.mp4,6
door_opening_88.mp4,6
door_opening_9.mp4,6
door_opening_91.mp4,6
door_opening_92.mp4,6
door_opening_93.mp4,6
door_opening_94.mp4,6
door_opening_95.mp4,6
door_opening_96.mp4,6
drinking_1.mp4,3
drinking_10.mp4,3
drinking_11.mp4,3
drinking_12.mp4,3
drinking_13.mp4,3
drinking_14.mp4,3
drinking_15.mp4,3
drinking_16.mp4,3
drinking_17.mp4,3
drinking_19.mp4,3
drinking_2.mp4,3
drinking_21.mp4,3
drinking_22.mp4,3
drinking_23.mp4,3
drinking_24.mp4,3
drinking_25.mp4,3
drinking_26.mp4,3
drinking_27.mp4,3
drinking_28.mp4,3
drinking_29.mp4,3
drinking_3.mp4,3
drinking_30.mp4,3
drinking_31.mp4,3
drinking_32.mp4,3
drinking_33.mp4,3
drinking_34.mp4,3
drinking_36.mp4,3
drinking_37.mp4,3
drinking_38.mp4,3
drinking_39.mp4,3
drinking_4.mp4,3
drinking_40.mp4,3
drinking_41.mp4,3
drinking_42.mp4,3
drinking_43.mp4,3
drinking_44.mp4,3
drinking_46.mp4,3
drinking_47.mp4,3
drinking_48.mp4,3
drinking_49.mp4,3
drinking_5.mp4,3
drinking_50.mp4,3
drinking_51.mp4,3
drinking_52.mp4,3
drinking_53.mp4,3
drinking_54 .mp4,3
drinking_56.mp4,3
drinking_58.mp4,3
drinking_59.mp4,3
drinking_6.mp4,3
drinking_7.mp4,3
drinking_8.mp4,3
drinking_9.mp4,3
eating_1.mp4,2
eating_10.mp4,2
eating_11.mp4,2
eating_12.mp4,2
eating_13.mp4,2
eating_15.mp4,2
eating_16.mp4,2
eating_17.mp4,2
eating_18.mp4,2
eating_19.mp4,2
eating_2.mp4,2
eating_20.mp4,2
eating_22.mp4,2
eating_23.mp4,2
eating_25.mp4,2
eating_27.mp4,2
eating_28.mp4,2
eating_29.mp4,2
eating_3.mp4,2
eating_30.mp4,2
eating_32.mp4,2
eating_33.mp4,2
eating_34.mp4,2
eating_35.mp4,2
eating_36.mp4,2
eating_37.mp4,2
eating_38.mp4,2
eating_39.mp4,2
eating_4.mp4,2
eating_40.mp4,2
eating_41.mp4,2
eating_44.mp4,2
eating_45.mp4,2
eating_46.mp4,2
eating_48.mp4,2
eating_49.mp4,2
eating_5.mp4,2
eating_51.mp4,2
eating_6.mp4,2
eating_8.mp4,2
eating_9.mp4,2
running_12.mp4,5
running_13.mp4,5
running_14.mp4,5
running_15.mp4,5
running_16.mp4,5
running_17.mp4,5
running_18.mp4,5
running_19.mp4,5
running_2.mp4,5
running_20.mp4,5
running_21.mp4,5
running_22.mp4,5
running_23.mp4,5
running_24.mp4,5
running_25.mp4,5
running_26.mp4,5
running_28.mp4,5
running_29.mp4,5
running_3.mp4,5
running_30.mp4,5
running_32.mp4,5
running_33.mp4,5
running_34.mp4,5
running_35.mp4,5
running_36.mp4,5
running_37.mp4,5
running_40.mp4,5
running_42.mp4,5
running_43.mp4,5
running_45.mp4,5
running_46.mp4,5
running_47.mp4,5
running_49.mp4,5
running_5.mp4,5
running_50.mp4,5
running_51.mp4,5
running_53.mp4,5
running_55.mp4,5
running_56.mp4,5
running_58.mp4,5
running_59.mp4,5
running_60.mp4,5
running_61.mp4,5
running_62.mp4,5
running_63.mp4,5
running_64.mp4,5
running_65.mp4,5
running_66.mp4,5
running_68.mp4,5
running_69.mp4,5
running_7.mp4,5
running_71.mp4,5
running_72.mp4,5
running_73.mp4,5
running_74.mp4,5
running_75.mp4,5
running_77.mp4,5
running_78.mp4,5
running_8.mp4,5
running_80.mp4,5
running_83.mp4,5
running_85.mp4,5
running_86.mp4,5
running_87.mp4,5
running_89.mp4,5
running_9.mp4,5
running_90.mp4,5
running_91.mp4,5
running_92.mp4,5
sleeping_12.mp4,0
sleeping_14.mp4,0
sleeping_15.mp4,0
sleeping_18.mp4,0
sleeping_19.mp4,0
sleeping_20.mp4,0
sleeping_21.mp4,0
sleeping_22.mp4,0
sleeping_23.mp4,0
sleeping_24.mp4,0
sleeping_25.mp4,0
sleeping_26.mp4,0
sleeping_27.mp4,0
sleeping_28.mp4,0
sleeping_29.mp4,0
sleeping_3.mp4,0
sleeping_31.mp4,0
sleeping_32.mp4,0
sleeping_33.mp4,0
sleeping_34.mp4,0
sleeping_36.mp4,0
sleeping_37.mp4,0
sleeping_38.mp4,0
sleeping_40.mp4,0
sleeping_41.mp4,0
sleeping_42.mp4,0
sleeping_43.mp4,0
sleeping_44.mp4,0
sleeping_45.mp4,0
sleeping_46.mp4,0
sleeping_47.mp4,0
sleeping_48.mp4,0
sleeping_5.mp4,0
sleeping_50.mp4,0
sleeping_51.mp4,0
sleeping_6.mp4,0
sleeping_7.mp4,0
sleeping_8.mp4,0
sleeping_9.mp4,0
swimming_1.mp4,4
swimming_10.mp4,4
swimming_11.mp4,4
swimming_12.mp4,4
swimming_13.mp4,4
swimming_15.mp4,4
swimming_16.mp4,4
swimming_18.mp4,4
swimming_2.mp4,4
swimming_20.mp4,4
swimming_21.mp4,4
swimming_22.mp4,4
swimming_24.mp4,4
swimming_26.mp4,4
swimming_27.mp4,4
swimming_29.mp4,4
swimming_3.mp4,4
swimming_30.mp4,4
swimming_31.mp4,4
swimming_32.mp4,4
swimming_33.mp4,4
swimming_4.mp4,4
swimming_5.mp4,4
swimming_6.mp4,4
swimming_7.mp4,4
swimming_8.mp4,4
swimming_9.mp4,4
watching_12.mp4,1
watching_13.mp4,1
watching_14.mp4,1
watching_15.mp4,1
watching_17.mp4,1
watching_18.mp4,1
watching_19.mp4,1
watching_2.mp4,1
watching_22.mp4,1
watching_25.mp4,1
watching_27.mp4,1
watching_3.mp4,1
watching_30.mp4,1
watching_31.mp4,1
watching_32.mp4,1
watching_34.mp4,1
watching_4.mp4,1
watching_6.mp4,1
watching_7.mp4,1
watching_8.mp4,1
watching_9.mp4,1
door_opening_100.mp4,6
door_opening_101.mp4,6
door_opening_102.mp4,6
door_opening_103.mp4,6
door_opening_104.mp4,6
door_opening_105.mp4,6
door_opening_106.mp4,6
door_opening_107.mp4,6
door_opening_108.mp4,6
door_opening_109.mp4,6
door_opening_110.mp4,6
door_opening_113.mp4,6
door_opening_115.mp4,6
door_opening_117.mp4,6
door_opening_118.mp4,6
door_opening_119.mp4,6
door_opening_120.mp4,6
door_opening_121.mp4,6
door_opening_122.mp4,6
door_opening_124.mp4,6
door_opening_125.mp4,6
door_opening_126.mp4,6
door_opening_127.mp4,6
door_opening_129.mp4,6
door_opening_130.mp4,6
door_opening_131.mp4,6
door_opening_133.mp4,6
door_opening_134.mp4,6
door_opening_135.mp4,6
door_opening_136.mp4,6
door_opening_137.mp4,6
door_opening_138.mp4,6
door_opening_139.mp4,6
door_opening_140.mp4,6
door_opening_141.mp4,6
door_opening_143.mp4,6
door_opening_144.mp4,6
door_opening_145.mp4,6
door_opening_146.mp4,6
door_opening_148.mp4,6
door_opening_149.mp4,6
door_opening_150.mp4,6
door_opening_152.mp4,6
door_opening_154.mp4,6
door_opening_155.mp4,6
door_opening_156.mp4,6
door_opening_157.mp4,6
door_opening_158.mp4,6
door_opening_159.mp4,6
door_opening_160.mp4,6
door_opening_161.mp4,6
door_opening_162.mp4,6
door_opening_164.mp4,6
door_opening_165.mp4,6
door_opening_166.mp4,6
door_opening_168.mp4,6
door_opening_170.mp4,6
door_opening_171.mp4,6
door_opening_172.mp4,6
door_opening_173.mp4,6
door_opening_174.mp4,6
door_opening_176.mp4,6
door_opening_177.mp4,6
door_opening_178.mp4,6
door_opening_180.mp4,6
door_opening_181.mp4,6
door_opening_182.mp4,6
door_opening_183.mp4,6
door_opening_186.mp4,6
door_opening_187.mp4,6
door_opening_188.mp4,6
door_opening_189.mp4,6
door_opening_190.mp4,6
door_opening_191.mp4,6
door_opening_192.mp4,6
door_opening_193.mp4,6
door_opening_194.mp4,6
door_opening_195.mp4,6
door_opening_196.mp4,6
door_opening_197.mp4,6
door_opening_198.mp4,6
door_opening_199.mp4,6
door_opening_200.mp4,6
door_opening_203.mp4,6
door_opening_204.mp4,6
door_opening_206.mp4,6
door_opening_207.mp4,6
door_opening_208.mp4,6
door_opening_209.mp4,6
door_opening_98.mp4,6
door_opening_99.mp4,6
drinking_100.mp4,3
drinking_101.mp4,3
drinking_102.mp4,3
drinking_103.mp4,3
drinking_104.mp4,3
drinking_105.mp4,3
drinking_107.mp4,3
drinking_108.mp4,3
drinking_109.mp4,3
drinking_110.mp4,3
drinking_111.mp4,3
drinking_113.mp4,3
drinking_114.mp4,3
drinking_115.mp4,3
drinking_116.mp4,3
drinking_117.mp4,3
drinking_119.mp4,3
drinking_120.mp4,3
drinking_123.mp4,3
drinking_124.mp4,3
drinking_125.mp4,3
drinking_126.mp4,3
drinking_60.mp4,3
drinking_64.mp4,3
drinking_65.mp4,3
drinking_66.mp4,3
drinking_67.mp4,3
drinking_69.mp4,3
drinking_70.mp4,3
drinking_71.mp4,3
drinking_72.mp4,3
drinking_74.mp4,3
drinking_75.mp4,3
drinking_76.mp4,3
drinking_77.mp4,3
drinking_78.mp4,3
drinking_79.mp4,3
drinking_80.mp4,3
drinking_81.mp4,3
drinking_82.mp4,3
drinking_84.mp4,3
drinking_85.mp4,3
drinking_87.mp4,3
drinking_88.mp4,3
drinking_89.mp4,3
drinking_90.mp4,3
drinking_92.mp4,3
drinking_93.mp4,3
drinking_94.mp4,3
drinking_98.mp4,3
drinking_99.mp4,3
eating_100.mp4,2
eating_101.mp4,2
eating_102.mp4,2
eating_104.mp4,2
eating_105.mp4,2
eating_106.mp4,2
eating_107.mp4,2
eating_108.mp4,2
eating_109.mp4,2
eating_110.mp4,2
eating_111.mp4,2
eating_112.mp4,2
eating_113.mp4,2
eating_114.mp4,2
eating_115.mp4,2
eating_116.mp4,2
eating_117.mp4,2
eating_118.mp4,2
eating_119.mp4,2
eating_120.mp4,2
eating_122.mp4,2
eating_123.mp4,2
eating_124.mp4,2
eating_125.mp4,2
eating_126.mp4,2
eating_127.mp4,2
eating_129.mp4,2
eating_130.mp4,2
eating_132.mp4,2
eating_133.mp4,2
eating_134.mp4,2
eating_135.mp4,2
eating_136.mp4,2
eating_138.mp4,2
eating_139.mp4,2
eating_140.mp4,2
eating_141.mp4,2
eating_143.mp4,2
eating_144.mp4,2
eating_145.mp4,2
eating_146.mp4,2
eating_147.mp4,2
eating_148.mp4,2
eating_149.mp4,2
eating_150.mp4,2
eating_151.mp4,2
eating_152.mp4,2
eating_153.mp4,2
eating_154.mp4,2
eating_159.mp4,2
eating_160.mp4,2
eating_161.mp4,2
eating_163.mp4,2
eating_52.mp4,2
eating_54.mp4,2
eating_55.mp4,2
eating_57.mp4,2
eating_58.mp4,2
eating_59.mp4,2
eating_60.mp4,2
eating_61.mp4,2
eating_63.mp4,2
eating_64.mp4,2
eating_66.mp4,2
eating_67.mp4,2
eating_68.mp4,2
eating_69.mp4,2
eating_70.mp4,2
eating_71.mp4,2
eating_73.mp4,2
eating_74.mp4,2
eating_75.mp4,2
eating_76.mp4,2
eating_77.mp4,2
eating_78.mp4,2
eating_79.mp4,2
eating_80.mp4,2
eating_81.mp4,2
eating_82.mp4,2
eating_83.mp4,2
eating_84.mp4,2
eating_85.mp4,2
eating_86.mp4,2
eating_87.mp4,2
eating_88.mp4,2
eating_89.mp4,2
eating_91.mp4,2
eating_92.mp4,2
eating_94.mp4,2
eating_95.mp4,2
eating_96.mp4,2
eating_97.mp4,2
eating_98.mp4,2
eating_99.mp4,2
running_102.mp4,5
running_104.mp4,5
running_105.mp4,5
running_106.mp4,5
running_107.mp4,5
running_108.mp4,5
running_109.mp4,5
running_110.mp4,5
running_111.mp4,5
running_112.mp4,5
running_113.mp4,5
running_114.mp4,5
running_115.mp4,5
running_116.mp4,5
running_117.mp4,5
running_118.mp4,5
running_119.mp4,5
running_120.mp4,5
running_121.mp4,5
running_122.mp4,5
running_123.mp4,5
running_124.mp4,5
running_125.mp4,5
running_126.mp4,5
running_128.mp4,5
running_129.mp4,5
running_130.mp4,5
running_131.mp4,5
running_132.mp4,5
running_135.mp4,5
running_136.mp4,5
running_137.mp4,5
running_139.mp4,5
running_140.mp4,5
running_141.mp4,5
running_142.mp4,5
running_143.mp4,5
running_145.mp4,5
running_146.mp4,5
running_147.mp4,5
running_148.mp4,5
running_150.mp4,5
running_151.mp4,5
running_152.mp4,5
running_153.mp4,5
running_155.mp4,5
running_157.mp4,5
running_158.mp4,5
running_159.mp4,5
running_160.mp4,5
running_161.mp4,5
running_163.mp4,5
running_164.mp4,5
running_165.mp4,5
running_166.mp4,5
running_167.mp4,5
running_168.mp4,5
running_169.mp4,5
running_170.mp4,5
running_172.mp4,5
running_173.mp4,5
running_174.mp4,5
running_176.mp4,5
running_177.mp4,5
running_178.mp4,5
running_179.mp4,5
running_180.mp4,5
running_181.mp4,5
running_183.mp4,5
running_184.mp4,5
running_185.mp4,5
running_188.mp4,5
running_189.mp4,5
running_190.mp4,5
running_192.mp4,5
running_193.mp4,5
running_195.mp4,5
running_196.mp4,5
running_198.mp4,5
running_201.mp4,5
running_202.mp4,5
running_203.mp4,5
running_204.mp4,5
running_205.mp4,5
running_210.mp4,5
running_211.mp4,5
running_214.mp4,5
running_93.mp4,5
running_94.mp4,5
running_95.mp4,5
running_96.mp4,5
running_97.mp4,5
running_98.mp4,5
running_99.mp4,5
sleeping_100.mp4,0
sleeping_101.mp4,0
sleeping_102.mp4,0
sleeping_103.mp4,0
sleeping_104.mp4,0
sleeping_106.mp4,0
sleeping_107.mp4,0
sleeping_54.mp4,0
sleeping_55.mp4,0
sleeping_56.mp4,0
sleeping_57.mp4,0
sleeping_58.mp4,0
sleeping_59.mp4,0
sleeping_60.mp4,0
sleeping_62.mp4,0
sleeping_63.mp4,0
sleeping_64.mp4,0
sleeping_65.mp4,0
sleeping_67.mp4,0
sleeping_69.mp4,0
sleeping_70.mp4,0
sleeping_71.mp4,0
sleeping_72.mp4,0
sleeping_73.mp4,0
sleeping_75.mp4,0
sleeping_76.mp4,0
sleeping_78.mp4,0
sleeping_80.mp4,0
sleeping_81.mp4,0
sleeping_82.mp4,0
sleeping_83.mp4,0
sleeping_85.mp4,0
sleeping_86.mp4,0
sleeping_87.mp4,0
sleeping_88.mp4,0
sleeping_89.mp4,0
sleeping_90.mp4,0
sleeping_91.mp4,0
sleeping_93.mp4,0
sleeping_94.mp4,0
sleeping_95.mp4,0
sleeping_96.mp4,0
sleeping_97.mp4,0
sleeping_99.mp4,0
swimming_101.mp4,4
swimming_102.mp4,4
swimming_103.mp4,4
swimming_104.mp4,4
swimming_105.mp4,4
swimming_106.mp4,4
swimming_107.mp4,4
swimming_108.mp4,4
swimming_110.mp4,4
swimming_111.mp4,4
swimming_112.mp4,4
swimming_113.mp4,4
swimming_114.mp4,4
swimming_115.mp4,4
swimming_116.mp4,4
swimming_118.mp4,4
swimming_119.mp4,4
swimming_120.mp4,4
swimming_122.mp4,4
swimming_123.mp4,4
swimming_124.mp4,4
swimming_126.mp4,4
swimming_127.mp4,4
swimming_128.mp4,4
swimming_129.mp4,4
swimming_130.mp4,4
swimming_131.mp4,4
swimming_132.mp4,4
swimming_133.mp4,4
swimming_134.mp4,4
swimming_135.mp4,4
swimming_136.mp4,4
swimming_137.mp4,4
swimming_138.mp4,4
swimming_141.mp4,4
swimming_142.mp4,4
swimming_143.mp4,4
swimming_144.mp4,4
swimming_145.mp4,4
swimming_148.mp4,4
swimming_149.mp4,4
swimming_34.mp4,4
swimming_35.mp4,4
swimming_36.mp4,4
swimming_37.mp4,4
swimming_38.mp4,4
swimming_39.mp4,4
swimming_40.mp4,4
swimming_42.mp4,4
swimming_43.mp4,4
swimming_44.mp4,4
swimming_45.mp4,4
swimming_46.mp4,4
swimming_47.mp4,4
swimming_49.mp4,4
swimming_50.mp4,4
swimming_52.mp4,4
swimming_54.mp4,4
swimming_55.mp4,4
swimming_56.mp4,4
swimming_57.mp4,4
swimming_58.mp4,4
swimming_59.mp4,4
swimming_60.mp4,4
swimming_61.mp4,4
swimming_62.mp4,4
swimming_64.mp4,4
swimming_67.mp4,4
swimming_68.mp4,4
swimming_69.mp4,4
swimming_70.mp4,4
swimming_71.mp4,4
swimming_74.mp4,4
swimming_76.mp4,4
swimming_77.mp4,4
swimming_78.mp4,4
swimming_79.mp4,4
swimming_80.mp4,4
swimming_81.mp4,4
swimming_82.mp4,4
swimming_83.mp4,4
swimming_84.mp4,4
swimming_85.mp4,4
swimming_86.mp4,4
swimming_87.mp4,4
swimming_88.mp4,4
swimming_89.mp4,4
swimming_90.mp4,4
swimming_91.mp4,4
swimming_92.mp4,4
swimming_93.mp4,4
swimming_97.mp4,4
swimming_98.mp4,4
swimming_99.mp4,4
watching_101.mp4,1
watching_103.mp4,1
watching_104.mp4,1
watching_106.mp4,1
watching_107.mp4,1
watching_108.mp4,1
watching_111.mp4,1
watching_113.mp4,1
watching_114.mp4,1
watching_115.mp4,1
watching_116.mp4,1
watching_117.mp4,1
watching_118.mp4,1
watching_119.mp4,1
watching_120.mp4,1
watching_122.mp4,1
watching_35.mp4,1
watching_36.mp4,1
watching_37.mp4,1
watching_38.mp4,1
watching_39.mp4,1
watching_41.mp4,1
watching_42.mp4,1
watching_43.mp4,1
watching_44.mp4,1
watching_45.mp4,1
watching_46.mp4,1
watching_47.mp4,1
watching_48.mp4,1
watching_49.mp4,1
watching_50.mp4,1
watching_52.mp4,1
watching_53.mp4,1
watching_54.mp4,1
watching_56.mp4,1
watching_57.mp4,1
watching_58.mp4,1
watching_59.mp4,1
watching_60.mp4,1
watching_61.mp4,1
watching_62.mp4,1
watching_65.mp4,1
watching_66.mp4,1
watching_67.mp4,1
watching_70.mp4,1
watching_71.mp4,1
watching_73.mp4,1
watching_74.mp4,1
watching_75.mp4,1
watching_76.mp4,1
watching_77.mp4,1
watching_78.mp4,1
watching_79.mp4,1
watching_80.mp4,1
watching_81.mp4,1
watching_82.mp4,1
watching_83.mp4,1
watching_84.mp4,1
watching_85.mp4,1
watching_86.mp4,1
watching_87.mp4,1
watching_88.mp4,1
watching_90.mp4,1
watching_91.mp4,1
watching_92.mp4,1
watching_93.mp4,1
watching_94.mp4,1
watching_95.mp4,1
watching_96.mp4,1
watching_97.mp4,1
watching_98.mp4,1
watching_99.mp4,1
