AXrvCEVn5HM-001.mp4,0
BV13TS990ZY-001.mp4,0
DAnk0ORUcrQ-001.mp4,0
EH5YYezBNzs-001.mp4,0
El_MmyZolp8-001.mp4,0
ErH7JnItZto-001.mp4,0
KEoUIz15NGo-001.mp4,0
KhYooJbM27A-001.mp4,0
Rb8M54Bx_D4-001.mp4,0
SoR1ElwEoPg-001.mp4,0
T4U6JKT-c0c-001.mp4,0
T4U6JKT-c0c-002.mp4,0
bsks-HasXSg-001.mp4,0
czB5sY9Y0N8-001.mp4,0
ixhdyDEQukw-001.mp4,0
mGDqhBV_SpY-001.mp4,0
tYAf5jlnzeg-001.mp4,0
ziVpfQaCID8-001.mp4,0
zjvHEVWJK4I-001.mp4,0
-hAno2-MdLY-006.mp4,1
-hAno2-MdLY-007.mp4,1
-hAno2-MdLY-008.mp4,1
-hAno2-MdLY-009.mp4,1
-hAno2-MdLY-010.mp4,1
-hAno2-MdLY-011.mp4,1
-hAno2-MdLY-012.mp4,1
-hAno2-MdLY-013.mp4,1
-hAno2-MdLY-014.mp4,1
-hAno2-MdLY-015.mp4,1
-hAno2-MdLY-016.mp4,1
-hAno2-MdLY-017.mp4,1
-hAno2-MdLY-018.mp4,1
-hAno2-MdLY-019.mp4,1
-hAno2-MdLY-020.mp4,1
10KOFNxiLa0-001.mp4,1
10KOFNxiLa0-002.mp4,1
8uXovEw-6Pc-001.mp4,1
ML8bsnBTO3I-001.mp4,1
SpHNCvksFKI-001.mp4,1
Tq0gwLY4yQE-001.mp4,1
p4kM9VetmdA-001.mp4,1
p4kM9VetmdA-002.mp4,1
pX4cE70s488-001.mp4,1
pX4cE70s488-002.mp4,1
pX4cE70s488-003.mp4,1
pX4cE70s488-004.mp4,1
pX4cE70s488-005.mp4,1
pX4cE70s488-006.mp4,1
tKJdtStWMas-001.mp4,1
2Syd_BUbl5A-002.mp4,2
3h4UkvhQQMU-001.mp4,2
GI4iAcTA9KY-001.mp4,2
GI4iAcTA9KY-002.mp4,2
IaC4wnSUlGE-001.mp4,2
IbZM_l6_ugA-001.mp4,2
M7S80qzlC3k-001.mp4,2
MLwSLMPBJQU-001.mp4,2
MV5IODe0v5U-001.mp4,2
MoUH5mUeKL8-001.mp4,2
S8zhnXZdTFM-001.mp4,2
TQwUjl-HmZo-001.mp4,2
TQwUjl-HmZo-002.mp4,2
Tish3KkNnLc-001.mp4,2
dx3X-qtnQkE-001.mp4,2
dx3X-qtnQkE-002.mp4,2
hdn1R7O6cgA-001.mp4,2
hdn1R7O6cgA-002.mp4,2
hdn1R7O6cgA-003.mp4,2
hjjDh2NOup4-001.mp4,2
jZFh75kRWzY-001.mp4,2
jZFh75kRWzY-002.mp4,2
jxXNwhXIobc-001.mp4,2
jxXNwhXIobc-002.mp4,2
mOWBwFqltYA-001.mp4,2
tuBSFDR0mbw-001.mp4,2
ud13yQc5njM-001.mp4,2
ud13yQc5njM-002.mp4,2
ud13yQc5njM-003.mp4,2
ud13yQc5njM-004.mp4,2
ud13yQc5njM-005.mp4,2
ud13yQc5njM-006.mp4,2
ud13yQc5njM-007.mp4,2
ud13yQc5njM-008.mp4,2
ud13yQc5njM-009.mp4,2
wE_dvTtnUoc-001.mp4,2
wE_dvTtnUoc-002.mp4,2
wE_dvTtnUoc-003.mp4,2
xcgW3s-NBBI-001.mp4,2
zRYtQsowie0-001.mp4,2
zRYtQsowie0-002.mp4,2
DaKkNt2Yb3A-001.mp4,3
EeKFKFiHFf4-001.mp4,3
F-DpCQlLJ3U-001.mp4,3
JuZnd2jey9Y-001.mp4,3
JuZnd2jey9Y-002.mp4,3
MLwSLMPBJQU-002.mp4,3
MeVXdwz6KNY-001.mp4,3
MoUH5mUeKL8-002.mp4,3
PVlKTr2xx-0-001.mp4,3
RbBAE9ZSvKI-001.mp4,3
UASWCSuB_uc-001.mp4,3
UTeNSaGNgAY-001.mp4,3
WidH2GF0Zic-001.mp4,3
X0-EWfaohO8-001.mp4,3
Y9zGbHSSQ-w-001.mp4,3
aZqr4JhzTz8-001.mp4,3
bfhZUkJgOMw-001.mp4,3
bfhZUkJgOMw-002.mp4,3
hBmR_FPIn8g-001.mp4,3
hqxWzBgom88-001.mp4,3
pQv_H91RlkI-001.mp4,3
wEImEEnX5Eo-001.mp4,3
zVdBS1oR7dI-001.mp4,3
7uOMQBTx5WA-001.mp4,4
7uOMQBTx5WA-002.mp4,4
7uOMQBTx5WA-003.mp4,4
GztYRMOwUPM-001.mp4,4
NXm_A6iv3og-001.mp4,4
Sg9qCslhJDc-001.mp4,4
U3QjAjqg2-0-001.mp4,4
VgnU-SMgf4M-001.mp4,4
XKaHQ7vUrtg-001.mp4,4
_ospilSdrV4-001.mp4,4
aK8_090B9nY-001.mp4,4
aK8_090B9nY-002.mp4,4
acFd-wAl4Oc-001.mp4,4
acFd-wAl4Oc-002.mp4,4
acFd-wAl4Oc-003.mp4,4
hAyqe_TM4gk-001.mp4,4
lle0oOyNiDs-001.mp4,4
miBzmD-SSZA-001.mp4,4
qLWpCP-xz9g-001.mp4,4
qLWpCP-xz9g-002.mp4,4
qZ70VsmY3FI-001.mp4,4
tB9xnXwEfO0-001.mp4,4
xw2hJy-YF-w-001.mp4,4
zcNnp5_uFfI-001.mp4,4
FWJgziiMxJg-001.mp4,5
FWJgziiMxJg-002.mp4,5
LRY18DtZnrA-001.mp4,5
MiRjUsn93GA-001.mp4,5
RIKFrRG39vA-001.mp4,5
Sx-CxuAeVPo-001.mp4,5
VbnVplOB_Js-001.mp4,5
WsaOn85TqUE-001.mp4,5
dIrd3IsBuXM-001.mp4,5
dIrd3IsBuXM-002.mp4,5
hAXP_V1gaYc-001.mp4,5
nVWIF_ls0lE-001.mp4,5
tPgdEsVpaXI-001.mp4,5
tPgdEsVpaXI-002.mp4,5
uOGQG54cBF8-001.mp4,5
uYDBi_YlAZw-001.mp4,5
uYoQnFFnr-0-001.mp4,5
wXwBC2tS4A0-001.mp4,5
JYFIV5NV7m4-005.mp4,6
JYFIV5NV7m4-006.mp4,6
JYFIV5NV7m4-007.mp4,6
JYFIV5NV7m4-008.mp4,6
JYFIV5NV7m4-009.mp4,6
JYFIV5NV7m4-010.mp4,6
NqjLn9UNBAg-001.mp4,6
YgRvBkuPl1E-001.mp4,6
k62s59nveyY-001.mp4,6
pexWDe-Xik8-001.mp4,6
door_opening_1.mp4,6
door_opening_11.mp4,6
door_opening_12.mp4,6
door_opening_13.mp4,6
door_opening_14.mp4,6
door_opening_15.mp4,6
door_opening_16.mp4,6
door_opening_17.mp4,6
door_opening_18.mp4,6
door_opening_19.mp4,6
door_opening_2.mp4,6
door_opening_20.mp4,6
door_opening_22.mp4,6
door_opening_23.mp4,6
door_opening_24.mp4,6
door_opening_25.mp4,6
door_opening_26.mp4,6
door_opening_28.mp4,6
door_opening_29.mp4,6
door_opening_3.mp4,6
door_opening_30.mp4,6
door_opening_31.mp4,6
door_opening_32.mp4,6
door_opening_33.mp4,6
door_opening_34.mp4,6
door_opening_35.mp4,6
door_opening_4.mp4,6
door_opening_6.mp4,6
door_opening_7.mp4,6
door_opening_8.mp4,6
door_opening_9.mp4,6
drinking_1.mp4,3
drinking_11.mp4,3
drinking_12.mp4,3
drinking_13.mp4,3
drinking_14.mp4,3
drinking_18.mp4,3
drinking_2.mp4,3
drinking_20.mp4,3
drinking_22.mp4,3
drinking_23.mp4,3
drinking_24.mp4,3
drinking_25.mp4,3
drinking_26.mp4,3
drinking_27.mp4,3
drinking_28.mp4,3
drinking_29.mp4,3
drinking_3.mp4,3
drinking_30.mp4,3
drinking_31.mp4,3
drinking_4.mp4,3
drinking_5.mp4,3
drinking_6.mp4,3
drinking_7.mp4,3
drinking_8.mp4,3
drinking_9.mp4,3
eating_10.mp4,2
eating_11.mp4,2
eating_12.mp4,2
eating_13.mp4,2
eating_14.mp4,2
eating_15.mp4,2
eating_16.mp4,2
eating_17.mp4,2
eating_18.mp4,2
eating_2.mp4,2
eating_20.mp4,2
eating_21.mp4,2
eating_22.mp4,2
eating_23.mp4,2
eating_24.mp4,2
eating_25.mp4,2
eating_26.mp4,2
eating_28.mp4,2
eating_3.mp4,2
eating_30.mp4,2
eating_31.mp4,2
eating_32.mp4,2
eating_33.mp4,2
eating_34.mp4,2
eating_35.mp4,2
eating_36.mp4,2
eating_38.mp4,2
eating_39.mp4,2
eating_4.mp4,2
eating_40.mp4,2
eating_41.mp4,2
eating_6.mp4,2
eating_7.mp4,2
eating_8.mp4,2
eating_9.mp4,2
sleeping_1.mp4,0
sleeping_11.mp4,0
sleeping_12.mp4,0
sleeping_13.mp4,0
sleeping_14.mp4,0
sleeping_15.mp4,0
sleeping_16.mp4,0
sleeping_17.mp4,0
sleeping_18.mp4,0
sleeping_21.mp4,0
sleeping_23.mp4,0
sleeping_25.mp4,0
sleeping_27.mp4,0
sleeping_28.mp4,0
sleeping_3.mp4,0
sleeping_31.mp4,0
sleeping_33.mp4,0
sleeping_34.mp4,0
sleeping_35.mp4,0
sleeping_39.mp4,0
sleeping_4.mp4,0
sleeping_40.mp4,0
sleeping_41.mp4,0
sleeping_42.mp4,0
sleeping_43.mp4,0
sleeping_44.mp4,0
sleeping_46.mp4,0
sleeping_47.mp4,0
sleeping_48.mp4,0
sleeping_49.mp4,0
sleeping_6.mp4,0
sleeping_7.mp4,0
sleeping_8.mp4,0
swimming_1.mp4,4
swimming_10.mp4,4
swimming_11.mp4,4
swimming_13.mp4,4
swimming_15.mp4,4
swimming_16.mp4,4
swimming_18.mp4,4
swimming_19.mp4,4
swimming_2.mp4,4
swimming_20.mp4,4
swimming_21.mp4,4
swimming_22.mp4,4
swimming_23.mp4,4
swimming_24.mp4,4
swimming_25.mp4,4
swimming_26.mp4,4
swimming_28.mp4,4
swimming_30.mp4,4
swimming_31.mp4,4
swimming_33.mp4,4
swimming_35.mp4,4
swimming_36.mp4,4
swimming_37.mp4,4
swimming_38.mp4,4
swimming_39.mp4,4
swimming_4.mp4,4
swimming_40.mp4,4
swimming_41.mp4,4
swimming_42.mp4,4
swimming_43.mp4,4
swimming_44.mp4,4
swimming_46.mp4,4
swimming_48.mp4,4
swimming_49.mp4,4
swimming_5.mp4,4
swimming_50.mp4,4
swimming_51.mp4,4
swimming_52.mp4,4
swimming_6.mp4,4
swimming_7.mp4,4
swimming_8.mp4,4
swimming_9.mp4,4
watching_10.mp4,1
watching_11.mp4,1
watching_12.mp4,1
watching_13.mp4,1
watching_14.mp4,1
watching_16.mp4,1
watching_17.mp4,1
watching_18.mp4,1
watching_20.mp4,1
watching_21.mp4,1
watching_22.mp4,1
watching_23.mp4,1
watching_25.mp4,1
watching_27.mp4,1
watching_28.mp4,1
watching_29.mp4,1
watching_3.mp4,1
watching_30.mp4,1
watching_31.mp4,1
watching_32.mp4,1
watching_33.mp4,1
watching_34.mp4,1
watching_35.mp4,1
watching_36.mp4,1
watching_37.mp4,1
watching_38.mp4,1
watching_39.mp4,1
watching_4.mp4,1
watching_40.mp4,1
watching_41.mp4,1
watching_42.mp4,1
watching_43.mp4,1
watching_44.mp4,1
watching_45.mp4,1
watching_47.mp4,1
watching_49.mp4,1
watching_5.mp4,1
watching_6.mp4,1
watching_8.mp4,1
door_opening_36.mp4,6
door_opening_38.mp4,6
door_opening_39.mp4,6
door_opening_41.mp4,6
door_opening_43.mp4,6
door_opening_44.mp4,6
door_opening_45.mp4,6
door_opening_47.mp4,6
door_opening_48.mp4,6
door_opening_49.mp4,6
door_opening_50.mp4,6
door_opening_52.mp4,6
door_opening_54.mp4,6
door_opening_55.mp4,6
door_opening_56.mp4,6
door_opening_57.mp4,6
door_opening_58.mp4,6
door_opening_59.mp4,6
door_opening_60.mp4,6
door_opening_62.mp4,6
door_opening_63.mp4,6
door_opening_65.mp4,6
door_opening_66.mp4,6
door_opening_67.mp4,6
door_opening_68.mp4,6
door_opening_69.mp4,6
door_opening_70.mp4,6
door_opening_71.mp4,6
door_opening_72.mp4,6
door_opening_73.mp4,6
door_opening_74.mp4,6
door_opening_75.mp4,6
drinking_100.mp4,3
drinking_101.mp4,3
drinking_102.mp4,3
drinking_104.mp4,3
drinking_105.mp4,3
drinking_32.mp4,3
drinking_33.mp4,3
drinking_34.mp4,3
drinking_35.mp4,3
drinking_36.mp4,3
drinking_37.mp4,3
drinking_39.mp4,3
drinking_40.mp4,3
drinking_41.mp4,3
drinking_42.mp4,3
drinking_43.mp4,3
drinking_44.mp4,3
drinking_45.mp4,3
drinking_46.mp4,3
drinking_47.mp4,3
drinking_48.mp4,3
drinking_49.mp4,3
drinking_50.mp4,3
drinking_51.mp4,3
drinking_52.mp4,3
drinking_53.mp4,3
drinking_54.mp4,3
drinking_55.mp4,3
drinking_56.mp4,3
drinking_57.mp4,3
drinking_58.mp4,3
drinking_59.mp4,3
drinking_60.mp4,3
drinking_61.mp4,3
drinking_62.mp4,3
drinking_64.mp4,3
drinking_65.mp4,3
drinking_66.mp4,3
drinking_67.mp4,3
drinking_68.mp4,3
drinking_69.mp4,3
drinking_70.mp4,3
drinking_72.mp4,3
drinking_73.mp4,3
drinking_74.mp4,3
drinking_75.mp4,3
drinking_76.mp4,3
drinking_77.mp4,3
drinking_78.mp4,3
drinking_80.mp4,3
drinking_81.mp4,3
drinking_82.mp4,3
drinking_84.mp4,3
drinking_85.mp4,3
drinking_86.mp4,3
drinking_87.mp4,3
drinking_90.mp4,3
drinking_91.mp4,3
drinking_92.mp4,3
drinking_93.mp4,3
drinking_94.mp4,3
drinking_96.mp4,3
drinking_98.mp4,3
drinking_99.mp4,3
eating_100.mp4,2
eating_102.mp4,2
eating_42.mp4,2
eating_43.mp4,2
eating_44.mp4,2
eating_45.mp4,2
eating_46.mp4,2
eating_47.mp4,2
eating_48.mp4,2
eating_50.mp4,2
eating_52.mp4,2
eating_53.mp4,2
eating_55.mp4,2
eating_56.mp4,2
eating_57.mp4,2
eating_58.mp4,2
eating_59.mp4,2
eating_60.mp4,2
eating_61.mp4,2
eating_62.mp4,2
eating_63.mp4,2
eating_64.mp4,2
eating_66.mp4,2
eating_68.mp4,2
eating_69.mp4,2
eating_73.mp4,2
eating_74.mp4,2
eating_75.mp4,2
eating_76.mp4,2
eating_77.mp4,2
eating_78.mp4,2
eating_79.mp4,2
eating_80.mp4,2
eating_81.mp4,2
eating_83.mp4,2
eating_84.mp4,2
eating_85.mp4,2
eating_86.mp4,2
eating_88.mp4,2
eating_89.mp4,2
eating_90.mp4,2
eating_91.mp4,2
eating_92.mp4,2
eating_93.mp4,2
eating_95.mp4,2
eating_96.mp4,2
eating_99.mp4,2
running_1.mp4,5
running_11.mp4,5
running_12.mp4,5
running_13.mp4,5
running_15.mp4,5
running_17.mp4,5
running_18.mp4,5
running_2.mp4,5
running_23.mp4,5
running_24.mp4,5
running_25.mp4,5
running_26.mp4,5
running_27.mp4,5
running_28.mp4,5
running_29.mp4,5
running_3.mp4,5
running_30.mp4,5
running_31.mp4,5
running_32.mp4,5
running_33.mp4,5
running_34.mp4,5
running_35.mp4,5
running_36.mp4,5
running_37.mp4,5
running_38.mp4,5
running_39.mp4,5
running_4.mp4,5
running_40.mp4,5
running_41.mp4,5
running_43.mp4,5
running_44.mp4,5
running_45.mp4,5
running_46.mp4,5
running_47.mp4,5
running_48.mp4,5
running_49.mp4,5
running_5.mp4,5
running_50.mp4,5
running_51.mp4,5
running_52.mp4,5
running_53.mp4,5
running_54.mp4,5
running_59.mp4,5
running_6.mp4,5
running_60.mp4,5
running_62.mp4,5
running_63.mp4,5
running_64.mp4,5
running_65.mp4,5
running_66.mp4,5
running_67.mp4,5
running_70.mp4,5
running_71.mp4,5
running_74.mp4,5
running_75.mp4,5
running_76.mp4,5
running_77.mp4,5
running_78.mp4,5
running_8.mp4,5
running_81.mp4,5
running_82.mp4,5
running_83.mp4,5
running_84.mp4,5
running_85.mp4,5
running_86.mp4,5
running_87.mp4,5
running_88.mp4,5
running_89.mp4,5
running_9.mp4,5
running_90.mp4,5
running_91.mp4,5
running_92.mp4,5
running_93.mp4,5
running_95.mp4,5
running_96.mp4,5
sleeping_100.mp4,0
sleeping_101.mp4,0
sleeping_103.mp4,0
sleeping_106.mp4,0
sleeping_107.mp4,0
sleeping_108.mp4,0
sleeping_109.mp4,0
sleeping_110.mp4,0
sleeping_111.mp4,0
sleeping_113.mp4,0
sleeping_114.mp4,0
sleeping_115.mp4,0
sleeping_50.mp4,0
sleeping_51.mp4,0
sleeping_53.mp4,0
sleeping_56.mp4,0
sleeping_57.mp4,0
sleeping_58.mp4,0
sleeping_59.mp4,0
sleeping_60.mp4,0
sleeping_62.mp4,0
sleeping_63.mp4,0
sleeping_65.mp4,0
sleeping_66.mp4,0
sleeping_67.mp4,0
sleeping_68.mp4,0
sleeping_69.mp4,0
sleeping_70.mp4,0
sleeping_71.mp4,0
sleeping_72.mp4,0
sleeping_73.mp4,0
sleeping_74.mp4,0
sleeping_76.mp4,0
sleeping_77.mp4,0
sleeping_78.mp4,0
sleeping_79.mp4,0
sleeping_80.mp4,0
sleeping_81.mp4,0
sleeping_84.mp4,0
sleeping_86.mp4,0
sleeping_88.mp4,0
sleeping_89.mp4,0
sleeping_90.mp4,0
sleeping_91.mp4,0
sleeping_92.mp4,0
sleeping_93.mp4,0
sleeping_94.mp4,0
sleeping_95.mp4,0
sleeping_96.mp4,0
sleeping_98.mp4,0
sleeping_99.mp4,0
swimming_100.mp4,4
swimming_101.mp4,4
swimming_103.mp4,4
swimming_104.mp4,4
swimming_53.mp4,4
swimming_54.mp4,4
swimming_55.mp4,4
swimming_56.mp4,4
swimming_58.mp4,4
swimming_59.mp4,4
swimming_60.mp4,4
swimming_61.mp4,4
swimming_63.mp4,4
swimming_64.mp4,4
swimming_66.mp4,4
swimming_68.mp4,4
swimming_70.mp4,4
swimming_71.mp4,4
swimming_73.mp4,4
swimming_74.mp4,4
swimming_75.mp4,4
swimming_76.mp4,4
swimming_77.mp4,4
swimming_79.mp4,4
swimming_80.mp4,4
swimming_81.mp4,4
swimming_82.mp4,4
swimming_83.mp4,4
swimming_84.mp4,4
swimming_85.mp4,4
swimming_86.mp4,4
swimming_87.mp4,4
swimming_88.mp4,4
swimming_89.mp4,4
swimming_90.mp4,4
swimming_91.mp4,4
swimming_92.mp4,4
swimming_93.mp4,4
swimming_94.mp4,4
swimming_95.mp4,4
swimming_96.mp4,4
swimming_97.mp4,4
swimming_98.mp4,4
watching_100.mp4,1
watching_101.mp4,1
watching_102.mp4,1
watching_104.mp4,1
watching_106.mp4,1
watching_107.mp4,1
watching_108.mp4,1
watching_51.mp4,1
watching_52.mp4,1
watching_53.mp4,1
watching_54.mp4,1
watching_55.mp4,1
watching_56.mp4,1
watching_57.mp4,1
watching_58.mp4,1
watching_60.mp4,1
watching_61.mp4,1
watching_62.mp4,1
watching_63.mp4,1
watching_64.mp4,1
watching_65.mp4,1
watching_66.mp4,1
watching_67.mp4,1
watching_68.mp4,1
watching_69.mp4,1
watching_70.mp4,1
watching_71.mp4,1
watching_72.mp4,1
watching_73.mp4,1
watching_74.mp4,1
watching_75.mp4,1
watching_76.mp4,1
watching_78.mp4,1
watching_80.mp4,1
watching_82.mp4,1
watching_84.mp4,1
watching_85.mp4,1
watching_86.mp4,1
watching_87.mp4,1
watching_90.mp4,1
watching_91.mp4,1
watching_92.mp4,1
watching_93.mp4,1
watching_95.mp4,1
watching_96.mp4,1
watching_97.mp4,1
watching_98.mp4,1
watching_99.mp4,1
